menu_item_id,restaurant_id,name,price,category
1,37,Item 1,27.23,side
2,77,Item 2,35.34,side
3,20,Item 3,10.59,dessert
4,63,Item 4,17.12,dessert
5,184,Item 5,21.9,entree
6,20,Item 6,17.12,entree
7,112,Item 7,25.63,dessert
8,125,Item 8,23.76,drink
9,47,Item 9,32.49,entree
10,143,Item 10,39.06,side
11,52,Item 11,22.36,drink
12,70,Item 12,20.19,entree
13,166,Item 13,33.8,drink
14,163,Item 14,19.69,dessert
15,73,Item 15,7.84,entree
16,16,Item 16,35.65,dessert
17,18,Item 17,19.26,entree
18,127,Item 18,29.36,side
19,152,Item 19,29.84,dessert
20,101,Item 20,14.8,drink
21,159,Item 21,10.31,side
22,68,Item 22,30.74,dessert
23,129,Item 23,11.84,entree
24,49,Item 24,27.36,drink
25,13,Item 25,25.41,dessert
26,79,Item 26,17.53,side
27,2,Item 27,38.41,side
28,38,Item 28,25.1,dessert
29,198,Item 29,33.81,entree
30,63,Item 30,17.1,drink
31,26,Item 31,16.07,drink
32,148,Item 32,13.14,dessert
33,29,Item 33,26.95,entree
34,96,Item 34,17.26,drink
35,134,Item 35,16.12,dessert
36,67,Item 36,17.63,drink
37,48,Item 37,29.67,side
38,42,Item 38,38.53,entree
39,16,Item 39,34.37,drink
40,165,Item 40,14.53,drink
41,116,Item 41,16.51,side
42,79,Item 42,21.5,side
43,157,Item 43,36.67,side
44,168,Item 44,24.87,drink
45,9,Item 45,23.44,entree
46,45,Item 46,32.18,side
47,85,Item 47,14.61,entree
48,64,Item 48,36.6,entree
49,166,Item 49,23.06,side
50,169,Item 50,17.4,entree
51,199,Item 51,35.26,entree
52,130,Item 52,32.39,side
53,17,Item 53,38.59,drink
54,106,Item 54,10.11,entree
55,173,Item 55,23.81,side
56,165,Item 56,15.07,dessert
57,170,Item 57,28.77,side
58,33,Item 58,23.31,side
59,190,Item 59,5.31,entree
60,86,Item 60,9.96,dessert
61,136,Item 61,29.2,dessert
62,141,Item 62,16.18,entree
63,81,Item 63,15.27,entree
64,171,Item 64,18.14,drink
65,134,Item 65,18.17,side
66,198,Item 66,14.98,side
67,49,Item 67,38.34,entree
68,137,Item 68,20.96,dessert
69,187,Item 69,27.39,drink
70,138,Item 70,5.04,drink
71,196,Item 71,23.81,drink
72,14,Item 72,20.47,entree
73,104,Item 73,8.54,entree
74,47,Item 74,29.69,drink
75,77,Item 75,12.34,dessert
76,25,Item 76,25.07,entree
77,51,Item 77,8.69,side
78,151,Item 78,16.06,dessert
79,170,Item 79,6.03,drink
80,127,Item 80,36.62,entree
81,71,Item 81,39.8,drink
82,92,Item 82,32.28,drink
83,184,Item 83,32.1,drink
84,191,Item 84,6.62,entree
85,94,Item 85,18.16,entree
86,98,Item 86,19.13,side
87,51,Item 87,30.53,entree
88,195,Item 88,16.77,dessert
89,130,Item 89,21.28,dessert
90,160,Item 90,21.33,dessert
91,197,Item 91,30.38,side
92,39,Item 92,21.77,drink
93,199,Item 93,20.2,entree
94,121,Item 94,38.66,entree
95,100,Item 95,36.51,side
96,124,Item 96,10.31,drink
97,67,Item 97,19.55,dessert
98,80,Item 98,6.22,entree
99,3,Item 99,27.47,entree
100,199,Item 100,35.65,entree
101,171,Item 101,10.58,side
102,189,Item 102,33.75,side
103,107,Item 103,36.16,side
104,24,Item 104,18.29,dessert
105,18,Item 105,27.53,side
106,177,Item 106,38.44,drink
107,136,Item 107,14.13,entree
108,57,Item 108,27.49,side
109,178,Item 109,10.22,side
110,147,Item 110,16.24,dessert
111,152,Item 111,28.64,entree
112,168,Item 112,15.55,side
113,70,Item 113,9.92,entree
114,37,Item 114,9.3,entree
115,196,Item 115,12.31,entree
116,113,Item 116,10.06,entree
117,77,Item 117,34.32,dessert
118,63,Item 118,26.22,dessert
119,77,Item 119,26.07,dessert
120,122,Item 120,8.45,side
121,31,Item 121,34.29,drink
122,200,Item 122,31.47,side
123,23,Item 123,25.72,dessert
124,92,Item 124,28.3,dessert
125,22,Item 125,8.65,drink
126,107,Item 126,26.74,drink
127,142,Item 127,22.5,entree
128,17,Item 128,19.42,entree
129,10,Item 129,6.08,drink
130,143,Item 130,32.79,side
131,28,Item 131,18.4,drink
132,169,Item 132,18.41,dessert
133,33,Item 133,32.87,side
134,93,Item 134,29.17,side
135,53,Item 135,33.71,drink
136,16,Item 136,14.01,dessert
137,194,Item 137,35.77,side
138,188,Item 138,30.37,drink
139,191,Item 139,21.09,drink
140,119,Item 140,17.38,side
141,155,Item 141,6.3,entree
142,183,Item 142,28.47,side
143,115,Item 143,6.39,entree
144,31,Item 144,10.75,entree
145,146,Item 145,39.34,drink
146,126,Item 146,25.77,entree
147,119,Item 147,29.55,side
148,129,Item 148,13.03,dessert
149,188,Item 149,10.55,dessert
150,13,Item 150,16.89,side
151,147,Item 151,19.25,dessert
152,36,Item 152,20.34,side
153,63,Item 153,31.69,entree
154,152,Item 154,15.51,side
155,145,Item 155,27.52,entree
156,194,Item 156,10.3,dessert
157,5,Item 157,23.32,entree
158,66,Item 158,9.46,side
159,166,Item 159,29.18,entree
160,92,Item 160,39.92,drink
161,5,Item 161,20.61,side
162,113,Item 162,28.52,dessert
163,138,Item 163,20.5,entree
164,36,Item 164,15.9,entree
165,174,Item 165,36.33,dessert
166,23,Item 166,11.42,side
167,193,Item 167,17.94,entree
168,131,Item 168,15.59,drink
169,34,Item 169,18.19,side
170,13,Item 170,31.77,drink
171,181,Item 171,24.11,entree
172,103,Item 172,9.81,entree
173,15,Item 173,34.87,side
174,59,Item 174,16.95,entree
175,154,Item 175,19.71,entree
176,179,Item 176,19.38,drink
177,40,Item 177,8.03,side
178,67,Item 178,14.27,drink
179,114,Item 179,29.02,side
180,197,Item 180,23.7,entree
181,5,Item 181,14.64,side
182,44,Item 182,23.04,side
183,115,Item 183,13.65,entree
184,104,Item 184,36.07,dessert
185,144,Item 185,12.79,entree
186,154,Item 186,26.35,dessert
187,67,Item 187,37.1,dessert
188,38,Item 188,37.36,drink
189,167,Item 189,31.55,side
190,184,Item 190,36.24,dessert
191,188,Item 191,7.48,drink
192,77,Item 192,7.91,drink
193,143,Item 193,13.42,side
194,110,Item 194,7.38,entree
195,66,Item 195,34.09,entree
196,145,Item 196,25.06,entree
197,13,Item 197,30.02,side
198,142,Item 198,20.28,dessert
199,199,Item 199,24.92,drink
200,181,Item 200,38.38,entree
201,152,Item 201,26.87,side
202,83,Item 202,30.5,side
203,162,Item 203,36.88,entree
204,200,Item 204,11.89,side
205,105,Item 205,22.87,drink
206,179,Item 206,19.24,entree
207,122,Item 207,36.93,entree
208,160,Item 208,28.41,side
209,190,Item 209,7.49,entree
210,35,Item 210,36.99,drink
211,32,Item 211,27.51,drink
212,136,Item 212,37.78,dessert
213,64,Item 213,25.41,side
214,184,Item 214,34.13,dessert
215,96,Item 215,35.64,side
216,15,Item 216,28.48,entree
217,33,Item 217,11.59,side
218,69,Item 218,22.56,drink
219,161,Item 219,30.89,side
220,171,Item 220,37.31,dessert
221,90,Item 221,22.5,dessert
222,19,Item 222,30.6,side
223,131,Item 223,12.15,side
224,13,Item 224,23.69,dessert
225,72,Item 225,24.35,entree
226,150,Item 226,32.36,entree
227,46,Item 227,25.48,entree
228,8,Item 228,13.6,drink
229,105,Item 229,31.67,dessert
230,114,Item 230,23.61,side
231,98,Item 231,14.32,drink
232,197,Item 232,31.7,entree
233,97,Item 233,21.84,drink
234,174,Item 234,12.54,side
235,23,Item 235,27.67,entree
236,106,Item 236,37.11,side
237,131,Item 237,22.6,drink
238,19,Item 238,12.8,dessert
239,198,Item 239,39.57,entree
240,59,Item 240,34.38,dessert
241,141,Item 241,36.09,dessert
242,48,Item 242,20.59,drink
243,134,Item 243,9.67,dessert
244,26,Item 244,32.91,drink
245,138,Item 245,10.94,dessert
246,113,Item 246,17.33,side
247,26,Item 247,29.41,dessert
248,198,Item 248,22.86,entree
249,64,Item 249,38.97,drink
250,130,Item 250,34.02,dessert
251,84,Item 251,26.81,drink
252,116,Item 252,26.51,entree
253,8,Item 253,33.66,entree
254,178,Item 254,37.73,dessert
255,8,Item 255,9.72,drink
256,196,Item 256,8.21,entree
257,33,Item 257,8.95,side
258,15,Item 258,9.31,drink
259,3,Item 259,34.12,drink
260,79,Item 260,14.56,side
261,26,Item 261,37.77,entree
262,124,Item 262,9.72,entree
263,17,Item 263,6.8,drink
264,90,Item 264,24.91,entree
265,164,Item 265,23.08,drink
266,91,Item 266,37.63,drink
267,57,Item 267,39.57,entree
268,179,Item 268,14.68,side
269,30,Item 269,15.04,side
270,196,Item 270,22.82,dessert
271,31,Item 271,31.72,side
272,200,Item 272,37.33,side
273,164,Item 273,27.09,side
274,116,Item 274,17.58,entree
275,95,Item 275,39.56,side
276,83,Item 276,14.63,entree
277,114,Item 277,33.27,side
278,149,Item 278,38.31,drink
279,126,Item 279,39.6,entree
280,200,Item 280,22.05,drink
281,112,Item 281,30.75,entree
282,121,Item 282,24.6,side
283,127,Item 283,26.36,drink
284,160,Item 284,36.14,entree
285,95,Item 285,37.7,drink
286,108,Item 286,13.25,side
287,129,Item 287,10.48,drink
288,45,Item 288,39.17,dessert
289,13,Item 289,24.05,side
290,43,Item 290,28.06,entree
291,4,Item 291,12.17,side
292,13,Item 292,13.35,entree
293,190,Item 293,28.56,dessert
294,50,Item 294,12.3,side
295,104,Item 295,27.4,entree
296,142,Item 296,29.27,entree
297,53,Item 297,25.45,drink
298,194,Item 298,12.7,entree
299,179,Item 299,14.14,side
300,181,Item 300,36.15,drink
301,8,Item 301,21.46,dessert
302,51,Item 302,19.97,drink
303,122,Item 303,22.06,entree
304,175,Item 304,26.56,side
305,116,Item 305,32.66,side
306,92,Item 306,5.64,dessert
307,140,Item 307,31.24,dessert
308,119,Item 308,24.53,side
309,123,Item 309,37.38,dessert
310,86,Item 310,23.18,entree
311,79,Item 311,8.07,side
312,8,Item 312,26.82,drink
313,127,Item 313,28.64,entree
314,93,Item 314,26.84,dessert
315,94,Item 315,33.14,entree
316,23,Item 316,38.53,entree
317,171,Item 317,30.86,drink
318,64,Item 318,15.28,entree
319,177,Item 319,34.19,dessert
320,51,Item 320,25.88,dessert
321,115,Item 321,7.09,dessert
322,67,Item 322,20.53,side
323,110,Item 323,9.39,entree
324,142,Item 324,24.27,drink
325,61,Item 325,31.29,entree
326,93,Item 326,11.23,side
327,170,Item 327,27.73,entree
328,77,Item 328,18.32,entree
329,50,Item 329,16.68,dessert
330,23,Item 330,10.97,side
331,111,Item 331,28.23,entree
332,192,Item 332,11.66,dessert
333,177,Item 333,21.49,entree
334,187,Item 334,32.13,entree
335,140,Item 335,12.17,dessert
336,127,Item 336,26.5,dessert
337,76,Item 337,12.7,dessert
338,196,Item 338,26.88,entree
339,132,Item 339,34.51,side
340,81,Item 340,35.12,dessert
341,62,Item 341,27.1,drink
342,179,Item 342,13.03,entree
343,30,Item 343,7.94,drink
344,153,Item 344,11.59,side
345,74,Item 345,31.03,dessert
346,112,Item 346,22.09,side
347,119,Item 347,14.3,drink
348,9,Item 348,20.48,drink
349,89,Item 349,21.15,dessert
350,58,Item 350,35.55,side
351,114,Item 351,16.96,drink
352,123,Item 352,11.45,drink
353,141,Item 353,29.44,drink
354,57,Item 354,21.5,side
355,42,Item 355,12.8,drink
356,27,Item 356,13.47,side
357,131,Item 357,19.62,entree
358,111,Item 358,23.03,side
359,82,Item 359,29.33,entree
360,1,Item 360,29.38,dessert
361,117,Item 361,8.56,entree
362,38,Item 362,11.94,drink
363,3,Item 363,24.06,drink
364,166,Item 364,38.96,entree
365,121,Item 365,31.67,dessert
366,109,Item 366,21.2,side
367,139,Item 367,22.87,side
368,6,Item 368,22.85,dessert
369,7,Item 369,9.27,dessert
370,67,Item 370,29.49,side
371,185,Item 371,15.44,drink
372,3,Item 372,5.81,entree
373,1,Item 373,39.53,entree
374,74,Item 374,9.89,side
375,90,Item 375,38.78,entree
376,108,Item 376,8.17,side
377,28,Item 377,21.96,entree
378,93,Item 378,19.62,entree
379,168,Item 379,21.21,side
380,22,Item 380,6.3,side
381,90,Item 381,21.4,drink
382,77,Item 382,9.68,entree
383,127,Item 383,29.67,side
384,6,Item 384,9.29,drink
385,161,Item 385,11.66,side
386,17,Item 386,35.33,drink
387,80,Item 387,23.2,dessert
388,18,Item 388,39.65,drink
389,38,Item 389,19.88,entree
390,107,Item 390,14.15,side
391,99,Item 391,7.14,entree
392,79,Item 392,30.0,drink
393,92,Item 393,17.5,entree
394,100,Item 394,20.57,drink
395,28,Item 395,28.11,entree
396,199,Item 396,18.93,entree
397,8,Item 397,35.33,entree
398,88,Item 398,19.08,entree
399,184,Item 399,39.7,entree
400,162,Item 400,22.49,side
401,11,Item 401,35.25,dessert
402,121,Item 402,20.18,side
403,80,Item 403,19.43,entree
404,48,Item 404,9.8,dessert
405,94,Item 405,14.98,dessert
406,77,Item 406,24.67,drink
407,7,Item 407,7.08,drink
408,35,Item 408,7.53,drink
409,69,Item 409,38.59,side
410,90,Item 410,28.23,dessert
411,66,Item 411,9.71,side
412,197,Item 412,34.54,entree
413,28,Item 413,26.9,side
414,43,Item 414,35.76,entree
415,12,Item 415,15.23,side
416,76,Item 416,14.7,entree
417,166,Item 417,15.9,entree
418,175,Item 418,39.6,dessert
419,62,Item 419,33.81,drink
420,108,Item 420,27.53,entree
421,109,Item 421,13.82,side
422,4,Item 422,38.57,side
423,77,Item 423,26.89,drink
424,163,Item 424,32.29,entree
425,11,Item 425,7.07,dessert
426,197,Item 426,19.02,drink
427,198,Item 427,39.94,entree
428,96,Item 428,26.85,entree
429,154,Item 429,14.95,dessert
430,144,Item 430,38.95,side
431,160,Item 431,14.56,dessert
432,75,Item 432,7.78,entree
433,122,Item 433,10.58,entree
434,184,Item 434,34.23,dessert
435,172,Item 435,31.18,entree
436,131,Item 436,22.89,drink
437,124,Item 437,29.73,side
438,110,Item 438,39.38,drink
439,169,Item 439,18.28,drink
440,10,Item 440,36.87,side
441,128,Item 441,6.04,dessert
442,157,Item 442,33.32,entree
443,188,Item 443,34.05,drink
444,18,Item 444,11.37,entree
445,19,Item 445,7.95,side
446,61,Item 446,18.81,side
447,112,Item 447,18.64,side
448,182,Item 448,37.01,dessert
449,171,Item 449,29.23,drink
450,29,Item 450,11.35,entree
451,20,Item 451,21.65,side
452,149,Item 452,17.53,side
453,158,Item 453,33.62,dessert
454,51,Item 454,31.39,entree
455,121,Item 455,25.42,drink
456,177,Item 456,14.62,dessert
457,7,Item 457,31.7,drink
458,80,Item 458,18.73,drink
459,2,Item 459,28.82,dessert
460,138,Item 460,14.48,dessert
461,40,Item 461,15.86,side
462,166,Item 462,19.96,entree
463,133,Item 463,20.85,entree
464,141,Item 464,37.08,drink
465,17,Item 465,18.68,drink
466,32,Item 466,38.99,dessert
467,8,Item 467,8.36,side
468,135,Item 468,11.99,side
469,156,Item 469,32.09,side
470,156,Item 470,29.61,dessert
471,158,Item 471,18.71,entree
472,141,Item 472,37.99,side
473,142,Item 473,34.21,drink
474,150,Item 474,6.93,dessert
475,185,Item 475,24.64,side
476,17,Item 476,10.19,drink
477,29,Item 477,39.86,drink
478,76,Item 478,21.1,dessert
479,126,Item 479,8.61,dessert
480,152,Item 480,19.61,side
481,15,Item 481,11.41,side
482,37,Item 482,17.98,side
483,154,Item 483,6.95,entree
484,98,Item 484,13.75,dessert
485,19,Item 485,39.86,drink
486,130,Item 486,16.61,side
487,4,Item 487,28.7,side
488,172,Item 488,37.58,side
489,156,Item 489,20.38,side
490,200,Item 490,17.19,side
491,133,Item 491,32.78,entree
492,49,Item 492,26.59,entree
493,89,Item 493,12.26,entree
494,44,Item 494,12.04,side
495,18,Item 495,16.17,entree
496,85,Item 496,30.07,drink
497,45,Item 497,29.32,drink
498,14,Item 498,6.36,drink
499,152,Item 499,36.61,entree
500,77,Item 500,27.71,dessert
501,88,Item 501,19.54,entree
502,182,Item 502,16.87,entree
503,39,Item 503,24.09,side
504,155,Item 504,18.49,dessert
505,189,Item 505,23.0,side
506,82,Item 506,31.66,side
507,60,Item 507,14.62,entree
508,143,Item 508,30.25,side
509,87,Item 509,33.73,drink
510,122,Item 510,26.57,side
511,188,Item 511,31.34,dessert
512,13,Item 512,39.91,dessert
513,38,Item 513,22.78,drink
514,37,Item 514,28.83,drink
515,181,Item 515,26.98,drink
516,142,Item 516,34.47,entree
517,122,Item 517,29.95,side
518,104,Item 518,6.9,side
519,12,Item 519,13.51,side
520,176,Item 520,9.06,side
521,1,Item 521,15.69,side
522,150,Item 522,30.27,drink
523,145,Item 523,5.38,side
524,172,Item 524,16.73,entree
525,110,Item 525,11.59,side
526,137,Item 526,31.73,drink
527,130,Item 527,6.67,dessert
528,44,Item 528,38.36,drink
529,128,Item 529,16.09,side
530,15,Item 530,25.9,dessert
531,144,Item 531,25.24,entree
532,111,Item 532,16.26,entree
533,160,Item 533,11.13,side
534,122,Item 534,18.74,side
535,32,Item 535,6.1,dessert
536,200,Item 536,23.46,entree
537,114,Item 537,21.04,drink
538,70,Item 538,37.67,side
539,96,Item 539,13.02,entree
540,116,Item 540,10.87,drink
541,23,Item 541,26.98,entree
542,107,Item 542,11.34,dessert
543,22,Item 543,37.84,side
544,78,Item 544,34.3,entree
545,55,Item 545,33.08,entree
546,136,Item 546,35.86,drink
547,34,Item 547,22.55,drink
548,172,Item 548,28.14,entree
549,23,Item 549,33.9,side
550,164,Item 550,9.12,dessert
551,20,Item 551,36.57,dessert
552,108,Item 552,27.65,side
553,69,Item 553,28.29,dessert
554,131,Item 554,20.21,drink
555,183,Item 555,6.41,entree
556,23,Item 556,19.56,entree
557,72,Item 557,36.09,drink
558,62,Item 558,37.7,dessert
559,39,Item 559,31.11,side
560,193,Item 560,10.81,side
561,173,Item 561,15.58,dessert
562,1,Item 562,6.56,dessert
563,199,Item 563,14.27,drink
564,11,Item 564,28.17,entree
565,120,Item 565,14.84,entree
566,74,Item 566,17.62,dessert
567,123,Item 567,36.61,drink
568,173,Item 568,18.25,dessert
569,58,Item 569,29.51,entree
570,66,Item 570,29.44,entree
571,34,Item 571,7.97,side
572,196,Item 572,20.51,entree
573,105,Item 573,9.63,entree
574,183,Item 574,21.76,entree
575,67,Item 575,25.5,dessert
576,110,Item 576,29.97,drink
577,134,Item 577,35.94,drink
578,46,Item 578,14.47,drink
579,182,Item 579,29.04,drink
580,119,Item 580,20.94,side
581,150,Item 581,20.07,side
582,83,Item 582,28.17,side
583,48,Item 583,25.97,entree
584,22,Item 584,31.39,drink
585,196,Item 585,13.15,dessert
586,175,Item 586,26.63,entree
587,42,Item 587,38.28,entree
588,84,Item 588,12.96,drink
589,109,Item 589,21.01,side
590,162,Item 590,18.86,side
591,125,Item 591,39.24,side
592,83,Item 592,29.56,side
593,17,Item 593,10.58,drink
594,60,Item 594,37.34,side
595,99,Item 595,36.3,dessert
596,200,Item 596,31.22,dessert
597,43,Item 597,38.43,drink
598,93,Item 598,26.79,entree
599,103,Item 599,27.81,dessert
600,18,Item 600,20.42,entree
601,130,Item 601,15.8,side
602,20,Item 602,6.96,entree
603,94,Item 603,13.17,dessert
604,81,Item 604,6.78,drink
605,195,Item 605,11.75,side
606,148,Item 606,6.49,entree
607,11,Item 607,38.85,entree
608,196,Item 608,16.24,dessert
609,30,Item 609,25.98,side
610,125,Item 610,36.14,dessert
611,1,Item 611,29.53,dessert
612,58,Item 612,36.17,entree
613,96,Item 613,32.63,drink
614,65,Item 614,5.69,drink
615,150,Item 615,21.04,dessert
616,83,Item 616,28.78,side
617,145,Item 617,28.86,dessert
618,176,Item 618,21.62,entree
619,58,Item 619,23.89,side
620,124,Item 620,22.94,dessert
621,185,Item 621,30.0,side
622,149,Item 622,38.63,drink
623,113,Item 623,24.87,entree
624,98,Item 624,5.18,dessert
625,54,Item 625,39.81,drink
626,47,Item 626,12.08,side
627,26,Item 627,29.31,entree
628,102,Item 628,39.22,side
629,101,Item 629,8.68,dessert
630,138,Item 630,22.4,drink
631,54,Item 631,24.08,dessert
632,188,Item 632,19.28,drink
633,150,Item 633,11.91,dessert
634,27,Item 634,28.15,entree
635,172,Item 635,31.42,entree
636,193,Item 636,15.28,entree
637,167,Item 637,14.81,drink
638,90,Item 638,7.66,entree
639,95,Item 639,10.05,dessert
640,3,Item 640,29.43,dessert
641,156,Item 641,29.97,side
642,51,Item 642,29.02,entree
643,180,Item 643,27.69,side
644,187,Item 644,12.96,side
645,194,Item 645,26.86,drink
646,182,Item 646,35.98,dessert
647,25,Item 647,29.56,entree
648,197,Item 648,13.19,drink
649,159,Item 649,14.92,side
650,53,Item 650,32.95,dessert
651,190,Item 651,25.82,dessert
652,89,Item 652,14.79,drink
653,172,Item 653,8.7,side
654,164,Item 654,25.65,dessert
655,5,Item 655,10.67,dessert
656,40,Item 656,24.8,dessert
657,108,Item 657,21.4,side
658,30,Item 658,16.93,entree
659,175,Item 659,12.99,dessert
660,199,Item 660,13.06,entree
661,193,Item 661,19.05,side
662,2,Item 662,25.93,drink
663,24,Item 663,22.87,entree
664,146,Item 664,24.96,entree
665,110,Item 665,13.8,dessert
666,42,Item 666,32.2,entree
667,29,Item 667,28.0,side
668,70,Item 668,24.3,drink
669,191,Item 669,12.75,drink
670,186,Item 670,5.31,entree
671,130,Item 671,23.7,dessert
672,193,Item 672,37.34,entree
673,58,Item 673,10.11,dessert
674,60,Item 674,10.74,side
675,4,Item 675,33.79,dessert
676,141,Item 676,33.29,entree
677,113,Item 677,20.37,side
678,29,Item 678,18.79,side
679,106,Item 679,20.09,drink
680,100,Item 680,30.74,drink
681,164,Item 681,7.72,dessert
682,152,Item 682,34.48,side
683,132,Item 683,14.33,drink
684,155,Item 684,36.19,dessert
685,135,Item 685,26.44,side
686,55,Item 686,16.74,entree
687,89,Item 687,35.71,entree
688,77,Item 688,15.13,drink
689,191,Item 689,38.99,entree
690,59,Item 690,25.56,dessert
691,166,Item 691,8.51,dessert
692,103,Item 692,35.72,side
693,71,Item 693,21.24,dessert
694,78,Item 694,5.65,drink
695,14,Item 695,34.0,drink
696,49,Item 696,35.77,drink
697,55,Item 697,11.95,entree
698,55,Item 698,21.01,drink
699,147,Item 699,18.44,dessert
700,177,Item 700,26.4,drink
701,63,Item 701,29.71,entree
702,194,Item 702,16.29,dessert
703,143,Item 703,14.17,entree
704,42,Item 704,8.25,entree
705,38,Item 705,29.26,side
706,64,Item 706,25.58,side
707,130,Item 707,39.98,side
708,23,Item 708,29.92,side
709,139,Item 709,29.03,side
710,63,Item 710,31.19,entree
711,14,Item 711,26.04,drink
712,40,Item 712,23.47,side
713,200,Item 713,15.94,dessert
714,113,Item 714,29.88,drink
715,181,Item 715,39.5,side
716,168,Item 716,31.57,entree
717,177,Item 717,8.37,dessert
718,108,Item 718,36.66,entree
719,3,Item 719,32.89,side
720,134,Item 720,13.83,side
721,22,Item 721,38.89,drink
722,28,Item 722,24.4,dessert
723,48,Item 723,22.7,drink
724,8,Item 724,16.44,drink
725,134,Item 725,22.63,drink
726,73,Item 726,5.73,drink
727,131,Item 727,33.04,drink
728,194,Item 728,36.17,dessert
729,74,Item 729,5.53,dessert
730,74,Item 730,32.27,drink
731,80,Item 731,30.26,entree
732,135,Item 732,5.02,drink
733,77,Item 733,36.96,entree
734,46,Item 734,25.48,side
735,170,Item 735,28.16,entree
736,108,Item 736,35.27,side
737,158,Item 737,10.06,dessert
738,196,Item 738,25.57,entree
739,131,Item 739,30.14,side
740,196,Item 740,19.92,side
741,177,Item 741,20.18,side
742,170,Item 742,24.74,drink
743,52,Item 743,34.38,drink
744,32,Item 744,17.0,drink
745,3,Item 745,12.58,entree
746,72,Item 746,20.94,dessert
747,4,Item 747,31.65,dessert
748,68,Item 748,35.14,side
749,4,Item 749,24.23,entree
750,136,Item 750,9.23,drink
751,31,Item 751,7.63,entree
752,151,Item 752,13.43,side
753,118,Item 753,10.34,dessert
754,99,Item 754,30.71,dessert
755,57,Item 755,39.42,dessert
756,181,Item 756,34.4,dessert
757,86,Item 757,12.89,entree
758,178,Item 758,28.19,side
759,143,Item 759,29.31,side
760,93,Item 760,28.23,drink
761,65,Item 761,8.78,entree
762,127,Item 762,36.77,drink
763,98,Item 763,21.88,side
764,163,Item 764,14.17,dessert
765,197,Item 765,13.34,side
766,104,Item 766,13.22,dessert
767,5,Item 767,34.14,side
768,56,Item 768,29.17,dessert
769,119,Item 769,37.24,side
770,28,Item 770,15.6,side
771,196,Item 771,13.84,drink
772,64,Item 772,35.22,side
773,142,Item 773,24.15,drink
774,195,Item 774,19.27,dessert
775,103,Item 775,5.87,drink
776,31,Item 776,7.93,drink
777,190,Item 777,30.47,drink
778,101,Item 778,39.55,entree
779,94,Item 779,38.51,dessert
780,134,Item 780,12.32,entree
781,97,Item 781,26.81,dessert
782,140,Item 782,36.89,entree
783,122,Item 783,35.77,drink
784,42,Item 784,27.9,drink
785,41,Item 785,27.64,entree
786,93,Item 786,17.59,dessert
787,125,Item 787,36.87,drink
788,105,Item 788,21.8,dessert
789,91,Item 789,14.5,entree
790,128,Item 790,10.43,entree
791,39,Item 791,33.16,drink
792,26,Item 792,39.99,side
793,84,Item 793,21.44,side
794,158,Item 794,36.45,entree
795,173,Item 795,15.09,dessert
796,154,Item 796,8.29,drink
797,11,Item 797,21.88,dessert
798,8,Item 798,18.96,side
799,68,Item 799,30.83,side
800,40,Item 800,27.48,entree
801,22,Item 801,11.64,entree
802,89,Item 802,12.64,dessert
803,54,Item 803,30.25,side
804,65,Item 804,16.07,drink
805,74,Item 805,37.56,side
806,49,Item 806,36.87,dessert
807,110,Item 807,25.05,dessert
808,80,Item 808,26.46,entree
809,144,Item 809,9.99,entree
810,64,Item 810,28.9,drink
811,11,Item 811,30.76,entree
812,52,Item 812,15.93,dessert
813,135,Item 813,28.41,side
814,25,Item 814,25.83,entree
815,128,Item 815,11.13,dessert
816,17,Item 816,36.06,dessert
817,159,Item 817,15.55,entree
818,33,Item 818,23.05,entree
819,193,Item 819,16.91,dessert
820,161,Item 820,38.42,dessert
821,22,Item 821,16.61,entree
822,78,Item 822,14.11,side
823,148,Item 823,37.0,entree
824,151,Item 824,34.49,side
825,42,Item 825,28.2,entree
826,181,Item 826,32.02,side
827,31,Item 827,34.13,dessert
828,67,Item 828,27.22,drink
829,37,Item 829,16.25,entree
830,31,Item 830,8.4,entree
831,44,Item 831,21.7,dessert
832,68,Item 832,26.63,dessert
833,184,Item 833,17.42,entree
834,84,Item 834,31.88,dessert
835,151,Item 835,10.41,dessert
836,87,Item 836,5.13,side
837,181,Item 837,17.63,dessert
838,177,Item 838,33.7,entree
839,23,Item 839,27.16,dessert
840,82,Item 840,32.0,dessert
841,109,Item 841,18.05,dessert
842,197,Item 842,19.07,dessert
843,60,Item 843,20.13,drink
844,58,Item 844,30.86,drink
845,85,Item 845,34.52,drink
846,54,Item 846,7.78,side
847,67,Item 847,24.03,entree
848,150,Item 848,26.94,drink
849,43,Item 849,29.77,entree
850,22,Item 850,24.86,drink
851,4,Item 851,13.08,drink
852,16,Item 852,28.15,entree
853,108,Item 853,14.65,side
854,176,Item 854,26.93,entree
855,137,Item 855,8.14,drink
856,98,Item 856,29.42,entree
857,171,Item 857,6.54,entree
858,173,Item 858,38.41,entree
859,152,Item 859,8.17,dessert
860,105,Item 860,30.79,entree
861,140,Item 861,29.35,dessert
862,113,Item 862,31.14,entree
863,123,Item 863,28.42,side
864,72,Item 864,12.47,side
865,9,Item 865,27.57,side
866,22,Item 866,19.58,side
867,2,Item 867,7.35,drink
868,111,Item 868,16.71,entree
869,142,Item 869,18.63,drink
870,16,Item 870,7.31,drink
871,74,Item 871,6.22,dessert
872,91,Item 872,13.56,dessert
873,15,Item 873,17.3,side
874,187,Item 874,30.39,entree
875,155,Item 875,20.85,entree
876,178,Item 876,15.91,entree
877,117,Item 877,32.38,side
878,153,Item 878,18.16,entree
879,83,Item 879,7.51,drink
880,128,Item 880,39.08,entree
881,125,Item 881,7.05,drink
882,88,Item 882,38.86,side
883,181,Item 883,8.51,drink
884,194,Item 884,23.95,drink
885,175,Item 885,38.38,side
886,70,Item 886,38.99,side
887,166,Item 887,34.0,side
888,47,Item 888,6.36,drink
889,127,Item 889,39.41,entree
890,120,Item 890,27.23,entree
891,85,Item 891,19.72,dessert
892,107,Item 892,11.6,dessert
893,93,Item 893,37.23,side
894,130,Item 894,9.89,dessert
895,134,Item 895,6.54,side
896,137,Item 896,30.47,dessert
897,51,Item 897,29.47,dessert
898,131,Item 898,7.66,drink
899,38,Item 899,15.83,side
900,45,Item 900,26.75,entree
901,46,Item 901,30.29,side
902,74,Item 902,20.44,entree
903,125,Item 903,12.39,side
904,173,Item 904,12.69,side
905,84,Item 905,24.19,side
906,181,Item 906,6.12,entree
907,70,Item 907,17.71,dessert
908,39,Item 908,20.49,entree
909,139,Item 909,38.68,dessert
910,77,Item 910,30.26,entree
911,153,Item 911,18.97,side
912,85,Item 912,30.44,side
913,23,Item 913,38.79,drink
914,46,Item 914,5.66,side
915,57,Item 915,18.82,side
916,83,Item 916,15.86,entree
917,183,Item 917,22.8,dessert
918,158,Item 918,30.65,entree
919,171,Item 919,39.18,drink
920,77,Item 920,26.34,entree
921,81,Item 921,18.47,entree
922,48,Item 922,25.03,side
923,66,Item 923,35.83,drink
924,124,Item 924,24.6,side
925,181,Item 925,20.7,drink
926,142,Item 926,7.15,dessert
927,53,Item 927,7.62,side
928,26,Item 928,27.57,dessert
929,9,Item 929,24.36,entree
930,2,Item 930,16.92,entree
931,101,Item 931,23.66,dessert
932,83,Item 932,23.88,drink
933,3,Item 933,7.38,side
934,110,Item 934,27.32,drink
935,38,Item 935,33.87,side
936,31,Item 936,15.68,side
937,152,Item 937,31.73,entree
938,69,Item 938,13.99,drink
939,72,Item 939,28.95,drink
940,122,Item 940,35.25,dessert
941,13,Item 941,5.46,dessert
942,29,Item 942,21.41,entree
943,16,Item 943,22.43,dessert
944,195,Item 944,30.77,dessert
945,153,Item 945,6.97,dessert
946,172,Item 946,23.42,dessert
947,122,Item 947,11.26,side
948,113,Item 948,33.97,entree
949,119,Item 949,5.11,dessert
950,84,Item 950,17.49,dessert
951,94,Item 951,36.47,drink
952,90,Item 952,6.76,drink
953,99,Item 953,10.31,side
954,104,Item 954,33.49,side
955,40,Item 955,21.2,side
956,125,Item 956,21.15,entree
957,108,Item 957,16.29,side
958,56,Item 958,15.66,dessert
959,4,Item 959,16.16,side
960,42,Item 960,5.39,dessert
961,106,Item 961,31.98,entree
962,163,Item 962,9.85,entree
963,81,Item 963,21.31,drink
964,32,Item 964,37.54,dessert
965,40,Item 965,19.73,dessert
966,55,Item 966,24.09,dessert
967,130,Item 967,9.23,drink
968,13,Item 968,12.27,dessert
969,17,Item 969,16.14,drink
970,46,Item 970,31.53,entree
971,36,Item 971,28.64,entree
972,158,Item 972,15.0,drink
973,172,Item 973,32.36,side
974,130,Item 974,12.51,side
975,170,Item 975,5.49,drink
976,57,Item 976,22.29,entree
977,60,Item 977,25.55,drink
978,100,Item 978,21.91,dessert
979,132,Item 979,29.99,drink
980,183,Item 980,26.72,drink
981,55,Item 981,17.69,dessert
982,24,Item 982,32.46,entree
983,53,Item 983,31.25,drink
984,170,Item 984,9.88,dessert
985,193,Item 985,18.11,side
986,194,Item 986,21.55,side
987,166,Item 987,9.48,dessert
988,68,Item 988,25.28,entree
989,95,Item 989,7.13,drink
990,18,Item 990,36.8,entree
991,47,Item 991,33.65,drink
992,139,Item 992,39.54,dessert
993,195,Item 993,22.15,drink
994,73,Item 994,30.22,dessert
995,190,Item 995,34.33,drink
996,38,Item 996,37.32,side
997,147,Item 997,36.97,drink
998,79,Item 998,14.65,side
999,84,Item 999,37.59,entree
1000,145,Item 1000,27.54,entree
1001,185,Item 1001,28.82,side
1002,128,Item 1002,11.99,side
1003,105,Item 1003,14.31,dessert
1004,25,Item 1004,10.85,side
1005,111,Item 1005,31.97,drink
1006,14,Item 1006,29.77,side
1007,90,Item 1007,14.32,entree
1008,81,Item 1008,10.95,drink
1009,30,Item 1009,11.31,dessert
1010,110,Item 1010,29.61,dessert
1011,168,Item 1011,31.28,side
1012,78,Item 1012,10.25,side
1013,56,Item 1013,29.95,entree
1014,57,Item 1014,36.42,entree
1015,119,Item 1015,36.61,dessert
1016,197,Item 1016,13.93,drink
1017,105,Item 1017,33.37,dessert
1018,94,Item 1018,23.81,drink
1019,169,Item 1019,28.43,side
1020,30,Item 1020,30.42,side
1021,105,Item 1021,11.18,dessert
1022,97,Item 1022,9.0,drink
1023,142,Item 1023,19.72,side
1024,132,Item 1024,10.66,side
1025,17,Item 1025,37.16,dessert
1026,181,Item 1026,20.42,drink
1027,47,Item 1027,19.58,entree
1028,11,Item 1028,13.98,dessert
1029,141,Item 1029,33.15,side
1030,32,Item 1030,37.86,entree
1031,97,Item 1031,39.23,side
1032,186,Item 1032,8.82,entree
1033,157,Item 1033,37.8,dessert
1034,186,Item 1034,5.97,dessert
1035,54,Item 1035,10.27,entree
1036,117,Item 1036,6.44,entree
1037,130,Item 1037,24.43,side
1038,28,Item 1038,38.28,entree
1039,122,Item 1039,15.22,entree
1040,39,Item 1040,20.69,side
1041,44,Item 1041,12.65,side
1042,19,Item 1042,14.06,drink
1043,9,Item 1043,35.8,dessert
1044,50,Item 1044,35.71,side
1045,55,Item 1045,24.56,entree
1046,136,Item 1046,32.74,dessert
1047,32,Item 1047,30.15,side
1048,133,Item 1048,22.81,drink
1049,32,Item 1049,22.48,drink
1050,75,Item 1050,13.6,drink
1051,79,Item 1051,6.98,entree
1052,54,Item 1052,33.78,drink
1053,96,Item 1053,18.24,drink
1054,135,Item 1054,29.62,entree
1055,137,Item 1055,19.82,side
1056,53,Item 1056,12.52,drink
1057,154,Item 1057,13.73,drink
1058,136,Item 1058,16.76,side
1059,78,Item 1059,25.06,drink
1060,198,Item 1060,5.17,drink
1061,108,Item 1061,18.43,drink
1062,175,Item 1062,35.49,dessert
1063,162,Item 1063,25.46,entree
1064,165,Item 1064,5.86,drink
1065,127,Item 1065,32.67,dessert
1066,77,Item 1066,14.65,entree
1067,158,Item 1067,26.4,entree
1068,105,Item 1068,14.21,entree
1069,80,Item 1069,39.52,entree
1070,20,Item 1070,32.51,dessert
1071,60,Item 1071,22.33,drink
1072,174,Item 1072,35.46,drink
1073,139,Item 1073,18.86,entree
1074,103,Item 1074,17.27,entree
1075,6,Item 1075,33.44,side
1076,161,Item 1076,24.44,entree
1077,20,Item 1077,8.01,drink
1078,73,Item 1078,38.62,entree
1079,116,Item 1079,20.04,side
1080,93,Item 1080,27.04,drink
1081,6,Item 1081,16.61,dessert
1082,195,Item 1082,14.75,entree
1083,122,Item 1083,31.27,side
1084,182,Item 1084,10.74,side
1085,14,Item 1085,9.51,drink
1086,47,Item 1086,21.23,side
1087,34,Item 1087,12.17,dessert
1088,9,Item 1088,29.97,entree
1089,46,Item 1089,19.27,dessert
1090,143,Item 1090,17.15,dessert
1091,155,Item 1091,30.67,entree
1092,134,Item 1092,20.77,side
1093,101,Item 1093,15.34,entree
1094,46,Item 1094,11.26,drink
1095,23,Item 1095,7.04,side
1096,141,Item 1096,28.08,drink
1097,128,Item 1097,36.28,dessert
1098,191,Item 1098,21.22,entree
1099,43,Item 1099,12.55,drink
1100,174,Item 1100,7.92,dessert
1101,61,Item 1101,37.89,side
1102,137,Item 1102,29.6,side
1103,172,Item 1103,14.57,side
1104,113,Item 1104,11.57,entree
1105,147,Item 1105,26.47,side
1106,199,Item 1106,26.29,entree
1107,129,Item 1107,13.79,drink
1108,111,Item 1108,39.96,entree
1109,6,Item 1109,30.43,dessert
1110,22,Item 1110,37.9,dessert
1111,140,Item 1111,26.04,side
1112,152,Item 1112,13.94,dessert
1113,66,Item 1113,5.96,side
1114,183,Item 1114,35.31,entree
1115,172,Item 1115,31.28,entree
1116,154,Item 1116,21.39,drink
1117,83,Item 1117,22.69,dessert
1118,140,Item 1118,10.36,dessert
1119,22,Item 1119,25.63,entree
1120,132,Item 1120,11.0,dessert
1121,156,Item 1121,9.79,dessert
1122,46,Item 1122,14.31,dessert
1123,161,Item 1123,27.05,dessert
1124,89,Item 1124,30.18,side
1125,154,Item 1125,11.41,dessert
1126,167,Item 1126,21.2,dessert
1127,20,Item 1127,16.09,dessert
1128,51,Item 1128,10.97,entree
1129,174,Item 1129,35.97,drink
1130,100,Item 1130,26.13,side
1131,178,Item 1131,20.63,entree
1132,91,Item 1132,17.74,drink
1133,28,Item 1133,10.46,side
1134,200,Item 1134,33.84,drink
1135,144,Item 1135,27.42,drink
1136,18,Item 1136,37.91,side
1137,143,Item 1137,29.75,entree
1138,109,Item 1138,18.69,drink
1139,134,Item 1139,12.45,dessert
1140,101,Item 1140,17.27,entree
1141,85,Item 1141,27.98,side
1142,94,Item 1142,39.58,drink
1143,162,Item 1143,25.78,side
1144,181,Item 1144,38.68,entree
1145,92,Item 1145,8.08,dessert
1146,197,Item 1146,31.8,dessert
1147,179,Item 1147,31.76,side
1148,127,Item 1148,17.98,dessert
1149,183,Item 1149,28.78,dessert
1150,126,Item 1150,23.33,dessert
1151,182,Item 1151,35.12,side
1152,161,Item 1152,32.65,entree
1153,134,Item 1153,28.84,drink
1154,58,Item 1154,26.71,side
1155,171,Item 1155,35.69,dessert
1156,131,Item 1156,14.88,drink
1157,65,Item 1157,24.2,drink
1158,138,Item 1158,34.86,dessert
1159,194,Item 1159,16.03,entree
1160,115,Item 1160,37.66,drink
1161,84,Item 1161,39.85,entree
1162,73,Item 1162,27.16,dessert
1163,67,Item 1163,10.93,side
1164,131,Item 1164,8.17,side
1165,148,Item 1165,31.26,entree
1166,197,Item 1166,33.56,dessert
1167,52,Item 1167,10.86,drink
1168,35,Item 1168,36.57,dessert
1169,198,Item 1169,16.71,drink
1170,152,Item 1170,7.82,drink
1171,65,Item 1171,17.32,drink
1172,28,Item 1172,37.26,side
1173,96,Item 1173,17.49,dessert
1174,108,Item 1174,25.51,entree
1175,163,Item 1175,23.23,entree
1176,166,Item 1176,9.05,dessert
1177,125,Item 1177,7.63,side
1178,122,Item 1178,32.67,side
1179,116,Item 1179,12.59,drink
1180,64,Item 1180,26.34,entree
1181,156,Item 1181,39.85,dessert
1182,8,Item 1182,9.55,dessert
1183,133,Item 1183,36.03,entree
1184,150,Item 1184,32.63,drink
1185,197,Item 1185,32.27,side
1186,96,Item 1186,15.18,drink
1187,52,Item 1187,24.16,drink
1188,129,Item 1188,22.13,side
1189,85,Item 1189,23.83,drink
1190,61,Item 1190,13.26,drink
1191,171,Item 1191,19.71,entree
1192,152,Item 1192,16.64,side
1193,76,Item 1193,35.16,side
1194,189,Item 1194,33.38,drink
1195,97,Item 1195,12.87,side
1196,136,Item 1196,17.13,drink
1197,101,Item 1197,24.11,entree
1198,151,Item 1198,30.2,drink
1199,25,Item 1199,20.6,drink
1200,38,Item 1200,33.46,side
1201,171,Item 1201,5.44,drink
1202,180,Item 1202,23.75,side
1203,24,Item 1203,16.14,drink
1204,93,Item 1204,17.09,side
1205,190,Item 1205,6.47,drink
1206,171,Item 1206,23.87,side
1207,101,Item 1207,35.67,dessert
1208,76,Item 1208,16.29,side
1209,172,Item 1209,33.59,dessert
1210,152,Item 1210,19.76,side
1211,12,Item 1211,5.4,entree
1212,76,Item 1212,20.14,entree
1213,199,Item 1213,8.81,drink
1214,196,Item 1214,33.0,drink
1215,182,Item 1215,23.96,entree
1216,145,Item 1216,16.71,side
1217,25,Item 1217,18.97,drink
1218,123,Item 1218,16.07,dessert
1219,195,Item 1219,24.57,drink
1220,125,Item 1220,15.5,entree
1221,18,Item 1221,34.18,side
1222,189,Item 1222,28.05,side
1223,73,Item 1223,35.67,drink
1224,89,Item 1224,8.79,side
1225,171,Item 1225,5.04,drink
1226,25,Item 1226,30.03,drink
1227,153,Item 1227,39.97,drink
1228,123,Item 1228,38.82,entree
1229,11,Item 1229,10.16,side
1230,131,Item 1230,36.68,dessert
1231,76,Item 1231,28.96,dessert
1232,193,Item 1232,38.05,side
1233,33,Item 1233,10.94,entree
1234,171,Item 1234,7.86,dessert
1235,71,Item 1235,7.58,dessert
1236,192,Item 1236,10.6,side
1237,87,Item 1237,37.09,side
1238,196,Item 1238,31.78,side
1239,165,Item 1239,19.96,entree
1240,95,Item 1240,31.51,entree
1241,65,Item 1241,6.16,drink
1242,110,Item 1242,7.87,drink
1243,74,Item 1243,29.77,dessert
1244,72,Item 1244,30.01,dessert
1245,152,Item 1245,22.31,dessert
1246,76,Item 1246,19.47,dessert
1247,5,Item 1247,13.25,dessert
1248,29,Item 1248,10.83,side
1249,47,Item 1249,10.53,dessert
1250,65,Item 1250,11.76,drink
1251,8,Item 1251,16.99,drink
1252,91,Item 1252,39.17,dessert
1253,88,Item 1253,10.8,entree
1254,179,Item 1254,10.74,dessert
1255,60,Item 1255,34.53,side
1256,105,Item 1256,25.58,dessert
1257,72,Item 1257,24.9,side
1258,185,Item 1258,27.16,dessert
1259,172,Item 1259,17.89,entree
1260,46,Item 1260,29.73,dessert
1261,100,Item 1261,15.45,side
1262,165,Item 1262,37.25,drink
1263,134,Item 1263,11.6,drink
1264,74,Item 1264,32.42,dessert
1265,39,Item 1265,8.89,side
1266,171,Item 1266,39.86,dessert
1267,7,Item 1267,35.1,side
1268,11,Item 1268,30.0,drink
1269,107,Item 1269,25.38,drink
1270,127,Item 1270,13.48,entree
1271,78,Item 1271,6.0,entree
1272,35,Item 1272,9.64,dessert
1273,66,Item 1273,18.79,drink
1274,170,Item 1274,12.1,entree
1275,128,Item 1275,20.53,dessert
1276,34,Item 1276,27.84,entree
1277,21,Item 1277,28.88,entree
1278,164,Item 1278,27.01,dessert
1279,36,Item 1279,19.21,dessert
1280,114,Item 1280,39.37,side
1281,156,Item 1281,27.18,side
1282,78,Item 1282,29.12,side
1283,152,Item 1283,7.39,side
1284,4,Item 1284,12.49,dessert
1285,88,Item 1285,6.12,side
1286,23,Item 1286,24.24,entree
1287,113,Item 1287,17.7,drink
1288,44,Item 1288,33.99,dessert
1289,32,Item 1289,10.5,drink
1290,71,Item 1290,34.81,drink
1291,150,Item 1291,28.22,side
1292,69,Item 1292,23.18,entree
1293,159,Item 1293,39.78,drink
1294,16,Item 1294,27.22,dessert
1295,83,Item 1295,37.12,drink
1296,75,Item 1296,10.14,drink
1297,31,Item 1297,15.9,dessert
1298,172,Item 1298,26.61,drink
1299,181,Item 1299,30.31,drink
1300,46,Item 1300,23.83,drink
1301,151,Item 1301,38.41,entree
1302,108,Item 1302,31.7,dessert
1303,153,Item 1303,27.71,dessert
1304,87,Item 1304,22.39,drink
1305,152,Item 1305,9.91,side
1306,12,Item 1306,8.03,side
1307,11,Item 1307,8.91,side
1308,189,Item 1308,37.86,dessert
1309,37,Item 1309,8.93,side
1310,77,Item 1310,37.32,side
1311,91,Item 1311,39.06,side
1312,110,Item 1312,9.32,drink
1313,132,Item 1313,12.45,drink
1314,46,Item 1314,29.65,entree
1315,168,Item 1315,26.08,drink
1316,161,Item 1316,14.11,side
1317,193,Item 1317,29.39,dessert
1318,134,Item 1318,10.62,drink
1319,145,Item 1319,37.63,drink
1320,77,Item 1320,7.12,side
1321,29,Item 1321,18.7,entree
1322,117,Item 1322,9.01,side
1323,176,Item 1323,15.94,drink
1324,106,Item 1324,19.26,entree
1325,120,Item 1325,32.19,drink
1326,166,Item 1326,28.47,drink
1327,175,Item 1327,31.03,dessert
1328,29,Item 1328,10.52,dessert
1329,109,Item 1329,23.25,dessert
1330,52,Item 1330,21.51,entree
1331,139,Item 1331,37.21,entree
1332,75,Item 1332,39.33,dessert
1333,43,Item 1333,28.38,entree
1334,189,Item 1334,15.56,drink
1335,111,Item 1335,24.46,entree
1336,2,Item 1336,8.44,side
1337,9,Item 1337,7.99,entree
1338,65,Item 1338,31.41,entree
1339,119,Item 1339,20.85,drink
1340,189,Item 1340,8.14,drink
1341,147,Item 1341,35.56,drink
1342,159,Item 1342,7.55,dessert
1343,198,Item 1343,32.28,drink
1344,175,Item 1344,11.97,side
1345,45,Item 1345,16.68,side
1346,94,Item 1346,13.82,side
1347,159,Item 1347,17.81,drink
1348,152,Item 1348,20.18,drink
1349,38,Item 1349,22.61,entree
1350,120,Item 1350,9.04,drink
1351,102,Item 1351,22.11,side
1352,120,Item 1352,33.75,dessert
1353,8,Item 1353,15.79,entree
1354,198,Item 1354,23.99,entree
1355,51,Item 1355,9.05,entree
1356,64,Item 1356,27.12,side
1357,143,Item 1357,10.62,entree
1358,173,Item 1358,19.22,entree
1359,120,Item 1359,22.36,drink
1360,17,Item 1360,23.63,entree
1361,116,Item 1361,21.83,dessert
1362,23,Item 1362,17.25,entree
1363,142,Item 1363,11.72,side
1364,78,Item 1364,14.08,side
1365,86,Item 1365,6.06,dessert
1366,45,Item 1366,15.5,side
1367,121,Item 1367,38.34,drink
1368,8,Item 1368,17.27,entree
1369,1,Item 1369,34.84,side
1370,105,Item 1370,39.23,entree
1371,2,Item 1371,24.69,drink
1372,132,Item 1372,15.57,drink
1373,92,Item 1373,21.07,dessert
1374,177,Item 1374,5.73,entree
1375,178,Item 1375,30.4,side
1376,169,Item 1376,34.59,side
1377,150,Item 1377,31.44,side
1378,11,Item 1378,10.45,entree
1379,25,Item 1379,33.2,side
1380,115,Item 1380,32.23,entree
1381,133,Item 1381,33.85,dessert
1382,154,Item 1382,30.32,dessert
1383,27,Item 1383,14.82,dessert
1384,107,Item 1384,30.0,drink
1385,59,Item 1385,8.83,dessert
1386,55,Item 1386,34.81,side
1387,179,Item 1387,12.83,entree
1388,186,Item 1388,6.98,entree
1389,45,Item 1389,15.35,entree
1390,163,Item 1390,12.72,entree
1391,130,Item 1391,28.64,side
1392,44,Item 1392,33.01,side
1393,29,Item 1393,25.39,drink
1394,72,Item 1394,24.35,drink
1395,117,Item 1395,10.19,entree
1396,68,Item 1396,30.86,drink
1397,171,Item 1397,19.85,entree
1398,173,Item 1398,10.21,side
1399,13,Item 1399,23.8,side
1400,91,Item 1400,32.74,dessert
1401,108,Item 1401,18.88,side
1402,37,Item 1402,25.17,side
1403,82,Item 1403,39.15,side
1404,30,Item 1404,16.63,side
1405,200,Item 1405,19.05,side
1406,198,Item 1406,28.93,drink
1407,45,Item 1407,38.29,side
1408,152,Item 1408,17.05,dessert
1409,162,Item 1409,24.55,side
1410,163,Item 1410,6.72,entree
1411,66,Item 1411,27.8,drink
1412,79,Item 1412,34.99,entree
1413,39,Item 1413,36.46,dessert
1414,60,Item 1414,24.82,entree
1415,164,Item 1415,33.54,drink
1416,65,Item 1416,7.67,entree
1417,29,Item 1417,28.81,drink
1418,164,Item 1418,30.4,dessert
1419,198,Item 1419,13.99,entree
1420,12,Item 1420,22.62,dessert
1421,115,Item 1421,12.44,drink
1422,154,Item 1422,32.22,drink
1423,79,Item 1423,23.93,entree
1424,72,Item 1424,17.43,drink
1425,64,Item 1425,37.04,side
1426,122,Item 1426,14.17,dessert
1427,115,Item 1427,26.87,dessert
1428,196,Item 1428,6.24,entree
1429,178,Item 1429,32.32,side
1430,139,Item 1430,35.57,drink
1431,69,Item 1431,29.65,dessert
1432,60,Item 1432,18.48,side
1433,164,Item 1433,19.38,entree
1434,96,Item 1434,26.69,dessert
1435,198,Item 1435,17.5,dessert
1436,26,Item 1436,5.69,dessert
1437,103,Item 1437,35.03,drink
1438,125,Item 1438,11.93,entree
1439,188,Item 1439,10.56,dessert
1440,46,Item 1440,30.55,side
1441,193,Item 1441,39.74,side
1442,143,Item 1442,29.63,drink
1443,106,Item 1443,17.5,dessert
1444,73,Item 1444,16.52,drink
1445,27,Item 1445,19.84,dessert
1446,101,Item 1446,33.61,dessert
1447,171,Item 1447,35.93,side
1448,49,Item 1448,35.45,entree
1449,4,Item 1449,28.1,drink
1450,184,Item 1450,17.51,drink
1451,198,Item 1451,13.9,entree
1452,152,Item 1452,29.66,side
1453,142,Item 1453,6.23,entree
1454,21,Item 1454,14.16,drink
1455,168,Item 1455,13.26,side
1456,21,Item 1456,20.9,entree
1457,81,Item 1457,8.33,drink
1458,29,Item 1458,7.44,drink
1459,154,Item 1459,7.09,side
1460,21,Item 1460,12.85,dessert
1461,61,Item 1461,30.96,side
1462,159,Item 1462,29.16,drink
1463,198,Item 1463,35.42,entree
1464,183,Item 1464,19.9,side
1465,117,Item 1465,25.81,drink
1466,200,Item 1466,8.71,side
1467,114,Item 1467,32.38,entree
1468,144,Item 1468,28.35,dessert
1469,95,Item 1469,14.61,drink
1470,47,Item 1470,16.3,side
1471,78,Item 1471,23.55,drink
1472,114,Item 1472,19.49,drink
1473,129,Item 1473,19.67,side
1474,23,Item 1474,7.26,dessert
1475,179,Item 1475,19.76,entree
1476,186,Item 1476,18.74,dessert
1477,17,Item 1477,6.26,drink
1478,133,Item 1478,36.44,drink
1479,44,Item 1479,32.6,entree
1480,76,Item 1480,19.35,entree
1481,134,Item 1481,18.16,drink
1482,64,Item 1482,6.92,entree
1483,128,Item 1483,36.32,drink
1484,12,Item 1484,13.7,side
1485,165,Item 1485,19.72,drink
1486,11,Item 1486,37.4,dessert
1487,23,Item 1487,34.44,drink
1488,192,Item 1488,38.45,drink
1489,24,Item 1489,36.83,entree
1490,79,Item 1490,32.26,entree
1491,22,Item 1491,27.71,drink
1492,57,Item 1492,19.14,side
1493,67,Item 1493,10.35,side
1494,165,Item 1494,5.23,entree
1495,119,Item 1495,12.96,side
1496,89,Item 1496,24.73,entree
1497,97,Item 1497,10.76,dessert
1498,185,Item 1498,34.15,side
1499,181,Item 1499,14.15,drink
1500,194,Item 1500,16.04,entree
1501,57,Item 1501,36.33,side
1502,97,Item 1502,38.02,entree
1503,44,Item 1503,31.75,drink
1504,180,Item 1504,25.49,side
1505,136,Item 1505,29.7,dessert
1506,143,Item 1506,31.44,dessert
1507,46,Item 1507,5.32,dessert
1508,98,Item 1508,32.06,dessert
1509,178,Item 1509,18.79,side
1510,88,Item 1510,24.8,drink
1511,57,Item 1511,20.35,dessert
1512,34,Item 1512,39.05,dessert
1513,10,Item 1513,14.29,entree
1514,45,Item 1514,15.16,side
1515,124,Item 1515,13.25,dessert
1516,89,Item 1516,27.05,dessert
1517,79,Item 1517,10.79,dessert
1518,195,Item 1518,22.52,entree
1519,11,Item 1519,30.28,dessert
1520,6,Item 1520,9.19,drink
1521,187,Item 1521,6.77,entree
1522,75,Item 1522,9.59,dessert
1523,139,Item 1523,22.51,side
1524,95,Item 1524,29.0,side
1525,166,Item 1525,21.31,side
1526,197,Item 1526,32.08,dessert
1527,20,Item 1527,26.27,side
1528,165,Item 1528,27.28,entree
1529,11,Item 1529,15.46,dessert
1530,128,Item 1530,28.71,drink
1531,45,Item 1531,12.58,side
1532,37,Item 1532,38.46,side
1533,55,Item 1533,21.57,side
1534,108,Item 1534,30.45,entree
1535,193,Item 1535,9.97,entree
1536,175,Item 1536,25.03,side
1537,30,Item 1537,33.68,entree
1538,72,Item 1538,22.56,side
1539,67,Item 1539,24.35,side
1540,194,Item 1540,37.93,drink
1541,80,Item 1541,6.22,dessert
1542,42,Item 1542,13.39,entree
1543,35,Item 1543,34.95,side
1544,52,Item 1544,21.12,drink
1545,6,Item 1545,12.28,dessert
1546,158,Item 1546,6.26,dessert
1547,66,Item 1547,20.87,entree
1548,3,Item 1548,39.28,dessert
1549,128,Item 1549,24.25,drink
1550,57,Item 1550,6.29,drink
1551,136,Item 1551,11.6,drink
1552,59,Item 1552,35.84,dessert
1553,166,Item 1553,38.99,drink
1554,80,Item 1554,17.55,drink
1555,126,Item 1555,33.51,drink
1556,142,Item 1556,9.85,dessert
1557,122,Item 1557,18.39,dessert
1558,151,Item 1558,30.04,drink
1559,143,Item 1559,39.4,dessert
1560,29,Item 1560,18.5,drink
1561,200,Item 1561,31.02,dessert
1562,189,Item 1562,31.15,side
1563,12,Item 1563,14.02,side
1564,181,Item 1564,24.55,side
1565,119,Item 1565,17.78,side
1566,57,Item 1566,28.03,entree
1567,2,Item 1567,33.7,dessert
1568,163,Item 1568,16.22,drink
1569,58,Item 1569,20.32,drink
1570,132,Item 1570,12.64,entree
1571,128,Item 1571,38.87,dessert
1572,58,Item 1572,31.82,entree
1573,154,Item 1573,19.5,entree
1574,32,Item 1574,5.75,side
1575,71,Item 1575,12.11,entree
1576,170,Item 1576,22.88,side
1577,170,Item 1577,8.81,entree
1578,199,Item 1578,34.21,entree
1579,94,Item 1579,9.5,dessert
1580,45,Item 1580,10.43,drink
1581,152,Item 1581,20.02,side
1582,103,Item 1582,6.7,drink
1583,197,Item 1583,36.4,drink
1584,55,Item 1584,12.02,entree
1585,135,Item 1585,38.51,side
1586,125,Item 1586,32.51,dessert
1587,114,Item 1587,7.55,side
1588,28,Item 1588,13.29,entree
1589,198,Item 1589,28.13,drink
1590,105,Item 1590,8.74,drink
1591,178,Item 1591,38.07,side
1592,171,Item 1592,16.04,drink
1593,161,Item 1593,24.5,dessert
1594,154,Item 1594,21.66,dessert
1595,92,Item 1595,38.46,dessert
1596,191,Item 1596,13.52,entree
1597,104,Item 1597,33.78,drink
1598,100,Item 1598,5.4,entree
1599,171,Item 1599,27.21,drink
1600,115,Item 1600,12.69,dessert
1601,145,Item 1601,9.16,entree
1602,23,Item 1602,22.11,drink
1603,54,Item 1603,8.39,side
1604,126,Item 1604,34.08,drink
1605,170,Item 1605,9.59,side
1606,134,Item 1606,13.39,drink
1607,177,Item 1607,39.81,side
1608,193,Item 1608,5.55,entree
1609,61,Item 1609,30.7,drink
1610,87,Item 1610,28.38,dessert
1611,123,Item 1611,14.74,entree
1612,92,Item 1612,6.08,dessert
1613,158,Item 1613,14.35,drink
1614,32,Item 1614,31.95,entree
1615,191,Item 1615,38.4,drink
1616,113,Item 1616,25.07,side
1617,58,Item 1617,9.87,dessert
1618,14,Item 1618,39.18,entree
1619,149,Item 1619,17.48,dessert
1620,164,Item 1620,29.1,drink
1621,102,Item 1621,18.54,side
1622,136,Item 1622,12.27,dessert
1623,18,Item 1623,26.11,dessert
1624,83,Item 1624,17.89,dessert
1625,15,Item 1625,16.93,dessert
1626,119,Item 1626,18.32,entree
1627,64,Item 1627,12.54,dessert
1628,111,Item 1628,28.12,drink
1629,94,Item 1629,10.28,dessert
1630,59,Item 1630,28.54,drink
1631,35,Item 1631,29.89,side
1632,49,Item 1632,22.17,dessert
1633,124,Item 1633,26.96,drink
1634,162,Item 1634,20.35,entree
1635,107,Item 1635,27.02,entree
1636,128,Item 1636,23.27,dessert
1637,87,Item 1637,10.71,drink
1638,44,Item 1638,23.73,dessert
1639,63,Item 1639,9.34,drink
1640,95,Item 1640,6.33,dessert
1641,54,Item 1641,39.68,side
1642,48,Item 1642,38.83,drink
1643,18,Item 1643,24.9,side
1644,27,Item 1644,16.96,entree
1645,134,Item 1645,30.66,drink
1646,120,Item 1646,12.02,side
1647,10,Item 1647,33.7,dessert
1648,187,Item 1648,35.05,drink
1649,25,Item 1649,9.33,entree
1650,89,Item 1650,32.55,drink
1651,58,Item 1651,22.13,entree
1652,168,Item 1652,14.32,drink
1653,101,Item 1653,37.81,side
1654,67,Item 1654,8.14,drink
1655,71,Item 1655,23.7,side
1656,6,Item 1656,14.76,drink
1657,77,Item 1657,27.73,drink
1658,78,Item 1658,18.7,side
1659,149,Item 1659,17.9,drink
1660,23,Item 1660,35.87,side
1661,135,Item 1661,23.69,dessert
1662,9,Item 1662,28.7,entree
1663,192,Item 1663,31.27,drink
1664,174,Item 1664,11.53,side
1665,154,Item 1665,12.34,side
1666,197,Item 1666,8.97,side
1667,91,Item 1667,7.8,drink
1668,138,Item 1668,23.45,dessert
1669,164,Item 1669,17.64,dessert
1670,190,Item 1670,16.88,side
1671,199,Item 1671,36.04,entree
1672,52,Item 1672,9.98,side
1673,68,Item 1673,16.52,entree
1674,102,Item 1674,13.18,entree
1675,177,Item 1675,39.54,side
1676,190,Item 1676,35.02,dessert
1677,5,Item 1677,24.87,side
1678,127,Item 1678,6.81,entree
1679,181,Item 1679,35.55,side
1680,123,Item 1680,21.86,drink
1681,80,Item 1681,20.61,entree
1682,78,Item 1682,20.44,side
1683,166,Item 1683,21.44,dessert
1684,194,Item 1684,12.89,dessert
1685,52,Item 1685,5.39,drink
1686,89,Item 1686,17.72,dessert
1687,5,Item 1687,15.67,side
1688,168,Item 1688,31.2,side
1689,6,Item 1689,34.2,drink
1690,131,Item 1690,13.46,drink
1691,138,Item 1691,25.08,drink
1692,39,Item 1692,13.21,dessert
1693,103,Item 1693,18.73,drink
1694,125,Item 1694,35.08,side
1695,11,Item 1695,17.75,entree
1696,83,Item 1696,39.7,entree
1697,199,Item 1697,15.19,dessert
1698,93,Item 1698,33.63,dessert
1699,119,Item 1699,28.66,entree
1700,3,Item 1700,13.22,entree
1701,21,Item 1701,26.59,entree
1702,28,Item 1702,6.75,side
1703,185,Item 1703,18.86,side
1704,128,Item 1704,16.69,drink
1705,116,Item 1705,6.68,entree
1706,132,Item 1706,7.27,drink
1707,64,Item 1707,25.93,side
1708,199,Item 1708,30.25,drink
1709,77,Item 1709,13.19,dessert
1710,83,Item 1710,38.25,dessert
1711,88,Item 1711,25.73,drink
1712,111,Item 1712,27.72,side
1713,28,Item 1713,35.7,dessert
1714,54,Item 1714,24.57,side
1715,137,Item 1715,8.5,entree
1716,35,Item 1716,21.22,dessert
1717,98,Item 1717,36.5,entree
1718,135,Item 1718,7.83,drink
1719,188,Item 1719,8.39,side
1720,181,Item 1720,15.29,dessert
1721,176,Item 1721,27.81,side
1722,196,Item 1722,13.22,dessert
1723,64,Item 1723,5.73,drink
1724,116,Item 1724,37.08,dessert
1725,42,Item 1725,7.69,dessert
1726,120,Item 1726,6.72,entree
1727,154,Item 1727,8.15,dessert
1728,48,Item 1728,36.8,entree
1729,58,Item 1729,9.26,dessert
1730,169,Item 1730,14.52,dessert
1731,69,Item 1731,22.74,entree
1732,145,Item 1732,36.09,entree
1733,136,Item 1733,23.91,side
1734,88,Item 1734,30.0,dessert
1735,27,Item 1735,19.12,side
1736,52,Item 1736,30.42,side
1737,94,Item 1737,16.68,side
1738,81,Item 1738,39.09,entree
1739,86,Item 1739,7.51,side
1740,132,Item 1740,7.76,dessert
1741,19,Item 1741,10.39,entree
1742,131,Item 1742,29.44,dessert
1743,59,Item 1743,11.38,side
1744,126,Item 1744,21.68,entree
1745,74,Item 1745,21.12,entree
1746,39,Item 1746,17.03,side
1747,133,Item 1747,26.97,drink
1748,66,Item 1748,5.94,side
1749,136,Item 1749,8.93,side
1750,56,Item 1750,7.91,dessert
1751,82,Item 1751,22.56,dessert
1752,166,Item 1752,27.9,entree
1753,16,Item 1753,21.44,side
1754,47,Item 1754,36.12,side
1755,49,Item 1755,29.17,side
1756,160,Item 1756,27.04,dessert
1757,179,Item 1757,15.73,drink
1758,65,Item 1758,33.64,entree
1759,52,Item 1759,37.23,drink
1760,195,Item 1760,35.78,drink
1761,32,Item 1761,11.71,entree
1762,160,Item 1762,5.29,dessert
1763,91,Item 1763,17.96,side
1764,153,Item 1764,37.45,drink
1765,98,Item 1765,39.91,dessert
1766,72,Item 1766,38.61,side
1767,12,Item 1767,10.49,side
1768,61,Item 1768,27.65,entree
1769,142,Item 1769,16.21,drink
1770,46,Item 1770,35.65,side
1771,101,Item 1771,15.17,entree
1772,187,Item 1772,11.89,entree
1773,48,Item 1773,5.97,drink
1774,72,Item 1774,7.5,entree
1775,88,Item 1775,19.13,drink
1776,74,Item 1776,20.51,drink
1777,134,Item 1777,22.52,dessert
1778,84,Item 1778,29.2,entree
1779,200,Item 1779,35.86,drink
1780,3,Item 1780,17.07,dessert
1781,103,Item 1781,14.43,drink
1782,64,Item 1782,10.64,drink
1783,83,Item 1783,8.19,drink
1784,127,Item 1784,33.1,dessert
1785,90,Item 1785,6.95,side
1786,25,Item 1786,26.26,entree
1787,57,Item 1787,33.56,entree
1788,80,Item 1788,33.11,dessert
1789,42,Item 1789,33.57,drink
1790,93,Item 1790,37.02,entree
1791,105,Item 1791,29.44,dessert
1792,37,Item 1792,21.0,entree
1793,200,Item 1793,24.78,entree
1794,15,Item 1794,32.09,entree
1795,167,Item 1795,6.91,entree
1796,116,Item 1796,36.25,side
1797,89,Item 1797,38.77,dessert
1798,67,Item 1798,17.39,drink
1799,158,Item 1799,28.54,drink
1800,140,Item 1800,13.78,dessert
1801,43,Item 1801,31.18,dessert
1802,180,Item 1802,12.33,entree
1803,36,Item 1803,39.22,side
1804,39,Item 1804,17.95,dessert
1805,174,Item 1805,22.09,drink
1806,98,Item 1806,27.64,entree
1807,80,Item 1807,33.88,dessert
1808,112,Item 1808,37.26,entree
1809,192,Item 1809,26.12,drink
1810,104,Item 1810,33.18,entree
1811,28,Item 1811,15.35,dessert
1812,97,Item 1812,6.18,drink
1813,98,Item 1813,20.21,entree
1814,200,Item 1814,19.41,drink
1815,130,Item 1815,19.38,dessert
1816,171,Item 1816,13.15,entree
1817,44,Item 1817,37.45,entree
1818,48,Item 1818,32.75,dessert
1819,99,Item 1819,8.88,dessert
1820,34,Item 1820,20.28,drink
1821,96,Item 1821,9.75,side
1822,143,Item 1822,14.12,dessert
1823,74,Item 1823,15.05,entree
1824,130,Item 1824,39.72,entree
1825,172,Item 1825,16.94,entree
1826,124,Item 1826,38.42,drink
1827,28,Item 1827,18.57,dessert
1828,137,Item 1828,21.37,drink
1829,168,Item 1829,38.52,dessert
1830,48,Item 1830,21.78,side
1831,189,Item 1831,13.07,drink
1832,200,Item 1832,26.25,entree
1833,59,Item 1833,18.73,entree
1834,113,Item 1834,6.23,side
1835,161,Item 1835,30.78,drink
1836,177,Item 1836,39.57,entree
1837,186,Item 1837,31.06,side
1838,18,Item 1838,5.23,drink
1839,113,Item 1839,33.74,drink
1840,63,Item 1840,7.87,drink
1841,35,Item 1841,20.8,dessert
1842,20,Item 1842,34.87,entree
1843,196,Item 1843,38.84,entree
1844,139,Item 1844,13.1,drink
1845,13,Item 1845,23.88,side
1846,197,Item 1846,30.75,entree
1847,6,Item 1847,14.96,drink
1848,192,Item 1848,33.65,dessert
1849,4,Item 1849,19.92,side
1850,148,Item 1850,9.3,drink
1851,153,Item 1851,22.74,drink
1852,134,Item 1852,29.66,side
1853,51,Item 1853,8.04,side
1854,86,Item 1854,32.31,side
1855,181,Item 1855,18.46,side
1856,66,Item 1856,24.71,drink
1857,101,Item 1857,5.36,side
1858,49,Item 1858,35.27,drink
1859,129,Item 1859,30.15,entree
1860,24,Item 1860,32.91,side
1861,46,Item 1861,5.78,side
1862,146,Item 1862,23.86,entree
1863,94,Item 1863,5.52,drink
1864,128,Item 1864,30.53,drink
1865,112,Item 1865,7.99,side
1866,113,Item 1866,36.11,drink
1867,74,Item 1867,22.14,dessert
1868,188,Item 1868,21.03,drink
1869,111,Item 1869,24.25,drink
1870,43,Item 1870,30.12,dessert
1871,56,Item 1871,22.17,side
1872,100,Item 1872,34.87,dessert
1873,86,Item 1873,26.85,side
1874,198,Item 1874,10.24,dessert
1875,50,Item 1875,35.05,drink
1876,19,Item 1876,16.11,drink
1877,19,Item 1877,31.23,drink
1878,44,Item 1878,18.41,dessert
1879,166,Item 1879,20.16,drink
1880,122,Item 1880,34.37,drink
1881,75,Item 1881,22.89,entree
1882,59,Item 1882,5.88,side
1883,24,Item 1883,24.66,dessert
1884,104,Item 1884,35.86,side
1885,146,Item 1885,38.99,drink
1886,26,Item 1886,28.05,dessert
1887,138,Item 1887,32.97,drink
1888,130,Item 1888,37.63,dessert
1889,140,Item 1889,14.76,drink
1890,35,Item 1890,27.71,entree
1891,134,Item 1891,37.11,dessert
1892,25,Item 1892,36.06,side
1893,167,Item 1893,12.16,dessert
1894,44,Item 1894,16.05,entree
1895,153,Item 1895,33.06,entree
1896,31,Item 1896,19.76,side
1897,116,Item 1897,27.37,side
1898,81,Item 1898,17.41,drink
1899,187,Item 1899,19.89,drink
1900,117,Item 1900,38.72,side
1901,93,Item 1901,7.93,dessert
1902,163,Item 1902,26.2,entree
1903,17,Item 1903,27.52,entree
1904,73,Item 1904,23.36,side
1905,168,Item 1905,22.02,entree
1906,136,Item 1906,33.04,dessert
1907,80,Item 1907,25.44,side
1908,69,Item 1908,39.84,drink
1909,179,Item 1909,27.01,drink
1910,171,Item 1910,25.29,entree
1911,85,Item 1911,28.01,dessert
1912,22,Item 1912,17.11,entree
1913,61,Item 1913,10.99,dessert
1914,77,Item 1914,7.07,entree
1915,119,Item 1915,15.79,side
1916,84,Item 1916,27.79,drink
1917,155,Item 1917,16.0,entree
1918,55,Item 1918,25.78,entree
1919,47,Item 1919,32.28,dessert
1920,64,Item 1920,9.44,side
1921,50,Item 1921,7.96,drink
1922,180,Item 1922,18.81,dessert
1923,116,Item 1923,6.51,entree
1924,146,Item 1924,35.63,drink
1925,50,Item 1925,20.43,entree
1926,195,Item 1926,32.96,drink
1927,155,Item 1927,39.51,entree
1928,34,Item 1928,25.03,entree
1929,77,Item 1929,11.14,dessert
1930,66,Item 1930,32.65,dessert
1931,143,Item 1931,20.11,side
1932,62,Item 1932,20.59,side
1933,110,Item 1933,11.67,entree
1934,92,Item 1934,28.7,side
1935,16,Item 1935,37.69,side
1936,80,Item 1936,23.03,drink
1937,58,Item 1937,13.8,entree
1938,188,Item 1938,14.94,drink
1939,190,Item 1939,31.74,dessert
1940,96,Item 1940,23.39,side
1941,145,Item 1941,32.16,dessert
1942,167,Item 1942,15.77,entree
1943,89,Item 1943,27.17,entree
1944,59,Item 1944,29.4,drink
1945,125,Item 1945,28.04,entree
1946,114,Item 1946,12.41,entree
1947,37,Item 1947,5.69,entree
1948,48,Item 1948,20.4,side
1949,171,Item 1949,29.39,side
1950,110,Item 1950,13.07,drink
1951,24,Item 1951,6.61,dessert
1952,32,Item 1952,15.95,dessert
1953,149,Item 1953,27.07,dessert
1954,175,Item 1954,12.31,entree
1955,74,Item 1955,39.54,drink
1956,195,Item 1956,11.18,side
1957,180,Item 1957,5.49,dessert
1958,122,Item 1958,10.37,entree
1959,56,Item 1959,8.69,side
1960,89,Item 1960,18.88,dessert
1961,93,Item 1961,17.9,side
1962,141,Item 1962,5.65,dessert
1963,122,Item 1963,19.17,dessert
1964,32,Item 1964,13.12,dessert
1965,46,Item 1965,5.41,dessert
1966,82,Item 1966,12.78,dessert
1967,123,Item 1967,15.29,drink
1968,92,Item 1968,16.71,drink
1969,189,Item 1969,10.92,entree
1970,197,Item 1970,21.44,entree
1971,59,Item 1971,17.27,dessert
1972,97,Item 1972,14.95,dessert
1973,87,Item 1973,27.16,side
1974,11,Item 1974,18.96,drink
1975,90,Item 1975,8.34,side
1976,115,Item 1976,15.51,dessert
1977,87,Item 1977,25.9,side
1978,117,Item 1978,8.41,drink
1979,199,Item 1979,24.29,entree
1980,71,Item 1980,27.09,dessert
1981,133,Item 1981,9.28,dessert
1982,146,Item 1982,13.77,side
1983,61,Item 1983,30.5,side
1984,107,Item 1984,22.13,dessert
1985,35,Item 1985,25.07,dessert
1986,156,Item 1986,36.75,drink
1987,162,Item 1987,12.32,drink
1988,44,Item 1988,29.62,dessert
1989,14,Item 1989,22.32,dessert
1990,146,Item 1990,29.34,entree
1991,56,Item 1991,19.8,drink
1992,7,Item 1992,23.76,side
1993,176,Item 1993,35.14,dessert
1994,91,Item 1994,37.04,entree
1995,121,Item 1995,39.17,entree
1996,131,Item 1996,26.67,entree
1997,64,Item 1997,6.15,entree
1998,170,Item 1998,29.62,entree
1999,16,Item 1999,5.33,side
2000,139,Item 2000,33.96,drink
