post_id,user_id,title,body,created_at
1,89,Post 1,This is the content of post 1.,1709102770
2,91,Post 2,This is the content of post 2.,1706281655
3,96,Post 3,This is the content of post 3.,1708277712
4,45,Post 4,This is the content of post 4.,1709199775
5,61,Post 5,This is the content of post 5.,1708642739
6,21,Post 6,This is the content of post 6.,1708997246
7,35,Post 7,This is the content of post 7.,1705294984
8,11,Post 8,This is the content of post 8.,1706972595
9,55,Post 9,This is the content of post 9.,1704138401
10,35,Post 10,This is the content of post 10.,1706122912
11,67,Post 11,This is the content of post 11.,1707298013
12,85,Post 12,This is the content of post 12.,1707372705
13,10,Post 13,This is the content of post 13.,1706590073
14,77,Post 14,This is the content of post 14.,1708466401
15,87,Post 15,This is the content of post 15.,1707707780
16,33,Post 16,This is the content of post 16.,1704131647
17,62,Post 17,This is the content of post 17.,1704185186
18,87,Post 18,This is the content of post 18.,1704753515
19,54,Post 19,This is the content of post 19.,1704244657
20,20,Post 20,This is the content of post 20.,1706846824
21,89,Post 21,This is the content of post 21.,1704854664
22,14,Post 22,This is the content of post 22.,1707231522
23,44,Post 23,This is the content of post 23.,1705893096
24,1,Post 24,This is the content of post 24.,1704954636
25,76,Post 25,This is the content of post 25.,1707117748
26,85,Post 26,This is the content of post 26.,1708408157
27,33,Post 27,This is the content of post 27.,1706565931
28,98,Post 28,This is the content of post 28.,1704403258
29,27,Post 29,This is the content of post 29.,1704522579
30,35,Post 30,This is the content of post 30.,1704067375
31,39,Post 31,This is the content of post 31.,1707820530
32,59,Post 32,This is the content of post 32.,1705231190
33,10,Post 33,This is the content of post 33.,1707612645
34,28,Post 34,This is the content of post 34.,1707649940
35,93,Post 35,This is the content of post 35.,1706887009
36,3,Post 36,This is the content of post 36.,1708479167
37,76,Post 37,This is the content of post 37.,1705107184
38,46,Post 38,This is the content of post 38.,1704478605
39,63,Post 39,This is the content of post 39.,1707272887
40,32,Post 40,This is the content of post 40.,1707352452
41,60,Post 41,This is the content of post 41.,1707157732
42,37,Post 42,This is the content of post 42.,1706828950
43,38,Post 43,This is the content of post 43.,1708044357
44,72,Post 44,This is the content of post 44.,1707683547
45,86,Post 45,This is the content of post 45.,1704415980
46,2,Post 46,This is the content of post 46.,1708247154
47,65,Post 47,This is the content of post 47.,1704109777
48,98,Post 48,This is the content of post 48.,1707673733
49,45,Post 49,This is the content of post 49.,1707886174
50,64,Post 50,This is the content of post 50.,1709082569
51,56,Post 51,This is the content of post 51.,1708315429
52,61,Post 52,This is the content of post 52.,1708602614
53,25,Post 53,This is the content of post 53.,1708523541
54,82,Post 54,This is the content of post 54.,1707067493
55,7,Post 55,This is the content of post 55.,1707543256
56,90,Post 56,This is the content of post 56.,1708807304
57,68,Post 57,This is the content of post 57.,1708318338
58,50,Post 58,This is the content of post 58.,1706116106
59,2,Post 59,This is the content of post 59.,1704239341
60,93,Post 60,This is the content of post 60.,1707240725
61,95,Post 61,This is the content of post 61.,1707413564
62,68,Post 62,This is the content of post 62.,1709249503
63,71,Post 63,This is the content of post 63.,1708395970
64,61,Post 64,This is the content of post 64.,1704412637
65,64,Post 65,This is the content of post 65.,1705830251
66,90,Post 66,This is the content of post 66.,1708483902
67,15,Post 67,This is the content of post 67.,1706865674
68,8,Post 68,This is the content of post 68.,1706234082
69,35,Post 69,This is the content of post 69.,1707611782
70,60,Post 70,This is the content of post 70.,1707508448
71,43,Post 71,This is the content of post 71.,1706126494
72,55,Post 72,This is the content of post 72.,1707748451
73,9,Post 73,This is the content of post 73.,1706621075
74,70,Post 74,This is the content of post 74.,1704959939
75,52,Post 75,This is the content of post 75.,1704405591
76,83,Post 76,This is the content of post 76.,1708581628
77,71,Post 77,This is the content of post 77.,1704126395
78,77,Post 78,This is the content of post 78.,1704645311
79,82,Post 79,This is the content of post 79.,1708222828
80,62,Post 80,This is the content of post 80.,1707311793
81,6,Post 81,This is the content of post 81.,1706343078
82,80,Post 82,This is the content of post 82.,1704089746
83,99,Post 83,This is the content of post 83.,1706932627
84,21,Post 84,This is the content of post 84.,1704171508
85,57,Post 85,This is the content of post 85.,1706525106
86,23,Post 86,This is the content of post 86.,1707304796
87,29,Post 87,This is the content of post 87.,1706184009
88,42,Post 88,This is the content of post 88.,1705120487
89,73,Post 89,This is the content of post 89.,1707474880
90,92,Post 90,This is the content of post 90.,1709067071
91,19,Post 91,This is the content of post 91.,1705281454
92,24,Post 92,This is the content of post 92.,1705853337
93,30,Post 93,This is the content of post 93.,1704552108
94,12,Post 94,This is the content of post 94.,1708543589
95,76,Post 95,This is the content of post 95.,1709210399
96,81,Post 96,This is the content of post 96.,1705386372
97,54,Post 97,This is the content of post 97.,1707912959
98,80,Post 98,This is the content of post 98.,1706079325
99,12,Post 99,This is the content of post 99.,1709139595
100,65,Post 100,This is the content of post 100.,1708768914
101,73,Post 101,This is the content of post 101.,1704925613
102,40,Post 102,This is the content of post 102.,1706129524
103,38,Post 103,This is the content of post 103.,1707166981
104,68,Post 104,This is the content of post 104.,1705224203
105,90,Post 105,This is the content of post 105.,1705107194
106,60,Post 106,This is the content of post 106.,1705575523
107,39,Post 107,This is the content of post 107.,1709139252
108,78,Post 108,This is the content of post 108.,1706070498
109,9,Post 109,This is the content of post 109.,1706807636
110,82,Post 110,This is the content of post 110.,1705843689
111,88,Post 111,This is the content of post 111.,1704702911
112,98,Post 112,This is the content of post 112.,1704370578
113,96,Post 113,This is the content of post 113.,1709065706
114,71,Post 114,This is the content of post 114.,1705617699
115,22,Post 115,This is the content of post 115.,1707486319
116,87,Post 116,This is the content of post 116.,1705039133
117,26,Post 117,This is the content of post 117.,1709041676
118,98,Post 118,This is the content of post 118.,1705695646
119,15,Post 119,This is the content of post 119.,1704239677
120,49,Post 120,This is the content of post 120.,1707888551
121,99,Post 121,This is the content of post 121.,1707100367
122,58,Post 122,This is the content of post 122.,1708281724
123,73,Post 123,This is the content of post 123.,1707148463
124,45,Post 124,This is the content of post 124.,1707118679
125,65,Post 125,This is the content of post 125.,1706047847
126,88,Post 126,This is the content of post 126.,1706883740
127,96,Post 127,This is the content of post 127.,1705677654
128,72,Post 128,This is the content of post 128.,1707400574
129,66,Post 129,This is the content of post 129.,1705515814
130,11,Post 130,This is the content of post 130.,1708722232
131,24,Post 131,This is the content of post 131.,1707227961
132,12,Post 132,This is the content of post 132.,1704720327
133,79,Post 133,This is the content of post 133.,1705347689
134,8,Post 134,This is the content of post 134.,1705408330
135,19,Post 135,This is the content of post 135.,1708679294
136,6,Post 136,This is the content of post 136.,1706175311
137,94,Post 137,This is the content of post 137.,1707888691
138,87,Post 138,This is the content of post 138.,1708421483
139,12,Post 139,This is the content of post 139.,1708932645
140,80,Post 140,This is the content of post 140.,1705629135
141,84,Post 141,This is the content of post 141.,1704140896
142,57,Post 142,This is the content of post 142.,1704503472
143,8,Post 143,This is the content of post 143.,1704701113
144,45,Post 144,This is the content of post 144.,1706742783
145,91,Post 145,This is the content of post 145.,1707304876
146,36,Post 146,This is the content of post 146.,1705278241
147,64,Post 147,This is the content of post 147.,1708370830
148,10,Post 148,This is the content of post 148.,1708302487
149,59,Post 149,This is the content of post 149.,1707301129
150,23,Post 150,This is the content of post 150.,1707289516
151,91,Post 151,This is the content of post 151.,1706661315
152,55,Post 152,This is the content of post 152.,1707586758
153,6,Post 153,This is the content of post 153.,1709184313
154,36,Post 154,This is the content of post 154.,1705907812
155,39,Post 155,This is the content of post 155.,1708827359
156,71,Post 156,This is the content of post 156.,1704855392
157,52,Post 157,This is the content of post 157.,1704630580
158,72,Post 158,This is the content of post 158.,1706449729
159,26,Post 159,This is the content of post 159.,1708633676
160,77,Post 160,This is the content of post 160.,1707838124
161,48,Post 161,This is the content of post 161.,1704787698
162,49,Post 162,This is the content of post 162.,1708491053
163,83,Post 163,This is the content of post 163.,1707189136
164,76,Post 164,This is the content of post 164.,1706113598
165,81,Post 165,This is the content of post 165.,1707336316
166,28,Post 166,This is the content of post 166.,1704842057
167,41,Post 167,This is the content of post 167.,1706816788
168,84,Post 168,This is the content of post 168.,1706183412
169,45,Post 169,This is the content of post 169.,1706322508
170,38,Post 170,This is the content of post 170.,1704611278
171,75,Post 171,This is the content of post 171.,1705404829
172,47,Post 172,This is the content of post 172.,1709010543
173,6,Post 173,This is the content of post 173.,1705888410
174,78,Post 174,This is the content of post 174.,1709163014
175,66,Post 175,This is the content of post 175.,1708931097
176,8,Post 176,This is the content of post 176.,1704199573
177,70,Post 177,This is the content of post 177.,1707390397
178,46,Post 178,This is the content of post 178.,1705782927
179,78,Post 179,This is the content of post 179.,1706863886
180,44,Post 180,This is the content of post 180.,1704713560
181,60,Post 181,This is the content of post 181.,1706802499
182,14,Post 182,This is the content of post 182.,1708965181
183,31,Post 183,This is the content of post 183.,1705998527
184,84,Post 184,This is the content of post 184.,1704977946
185,88,Post 185,This is the content of post 185.,1706990961
186,80,Post 186,This is the content of post 186.,1707865475
187,30,Post 187,This is the content of post 187.,1706030920
188,94,Post 188,This is the content of post 188.,1706145901
189,40,Post 189,This is the content of post 189.,1708980050
190,100,Post 190,This is the content of post 190.,1706076850
191,26,Post 191,This is the content of post 191.,1707129501
192,71,Post 192,This is the content of post 192.,1707033536
193,12,Post 193,This is the content of post 193.,1706017246
194,74,Post 194,This is the content of post 194.,1708588788
195,91,Post 195,This is the content of post 195.,1704674688
196,85,Post 196,This is the content of post 196.,1706742017
197,22,Post 197,This is the content of post 197.,1704333645
198,10,Post 198,This is the content of post 198.,1707138059
199,100,Post 199,This is the content of post 199.,1706724139
200,11,Post 200,This is the content of post 200.,1705356719
201,57,Post 201,This is the content of post 201.,1708879966
202,96,Post 202,This is the content of post 202.,1708184491
203,76,Post 203,This is the content of post 203.,1705833134
204,60,Post 204,This is the content of post 204.,1707104571
205,68,Post 205,This is the content of post 205.,1705260670
206,44,Post 206,This is the content of post 206.,1706570509
207,12,Post 207,This is the content of post 207.,1708223364
208,54,Post 208,This is the content of post 208.,1709046926
209,75,Post 209,This is the content of post 209.,1707338706
210,77,Post 210,This is the content of post 210.,1709084059
211,58,Post 211,This is the content of post 211.,1708162426
212,52,Post 212,This is the content of post 212.,1704596849
213,46,Post 213,This is the content of post 213.,1704668513
214,92,Post 214,This is the content of post 214.,1709180218
215,53,Post 215,This is the content of post 215.,1706472141
216,64,Post 216,This is the content of post 216.,1705255530
217,82,Post 217,This is the content of post 217.,1705581500
218,54,Post 218,This is the content of post 218.,1706575776
219,91,Post 219,This is the content of post 219.,1705482347
220,72,Post 220,This is the content of post 220.,1705904375
221,62,Post 221,This is the content of post 221.,1704318453
222,58,Post 222,This is the content of post 222.,1706995193
223,40,Post 223,This is the content of post 223.,1707255375
224,44,Post 224,This is the content of post 224.,1708786347
225,20,Post 225,This is the content of post 225.,1708711259
226,34,Post 226,This is the content of post 226.,1708385037
227,31,Post 227,This is the content of post 227.,1705934180
228,67,Post 228,This is the content of post 228.,1705768758
229,62,Post 229,This is the content of post 229.,1706383931
230,79,Post 230,This is the content of post 230.,1706468953
231,24,Post 231,This is the content of post 231.,1706318744
232,22,Post 232,This is the content of post 232.,1707679294
233,24,Post 233,This is the content of post 233.,1706736194
234,53,Post 234,This is the content of post 234.,1708754399
235,53,Post 235,This is the content of post 235.,1706057652
236,63,Post 236,This is the content of post 236.,1704997686
237,6,Post 237,This is the content of post 237.,1708694426
238,25,Post 238,This is the content of post 238.,1706653872
239,90,Post 239,This is the content of post 239.,1705185727
240,73,Post 240,This is the content of post 240.,1707799314
241,92,Post 241,This is the content of post 241.,1704437204
242,74,Post 242,This is the content of post 242.,1707663841
243,66,Post 243,This is the content of post 243.,1704535118
244,65,Post 244,This is the content of post 244.,1705425993
245,81,Post 245,This is the content of post 245.,1709129860
246,82,Post 246,This is the content of post 246.,1705848660
247,65,Post 247,This is the content of post 247.,1709209861
248,25,Post 248,This is the content of post 248.,1707435788
249,94,Post 249,This is the content of post 249.,1707252560
250,55,Post 250,This is the content of post 250.,1707965108
251,27,Post 251,This is the content of post 251.,1707240429
252,44,Post 252,This is the content of post 252.,1706608320
253,87,Post 253,This is the content of post 253.,1704783737
254,89,Post 254,This is the content of post 254.,1706877109
255,97,Post 255,This is the content of post 255.,1704250477
256,35,Post 256,This is the content of post 256.,1708486465
257,96,Post 257,This is the content of post 257.,1708437372
258,83,Post 258,This is the content of post 258.,1705563477
259,16,Post 259,This is the content of post 259.,1706273664
260,5,Post 260,This is the content of post 260.,1706602814
261,38,Post 261,This is the content of post 261.,1704787176
262,79,Post 262,This is the content of post 262.,1704084486
263,69,Post 263,This is the content of post 263.,1705835621
264,15,Post 264,This is the content of post 264.,1704658901
265,65,Post 265,This is the content of post 265.,1708084719
266,68,Post 266,This is the content of post 266.,1704805190
267,95,Post 267,This is the content of post 267.,1708175303
268,55,Post 268,This is the content of post 268.,1704468793
269,86,Post 269,This is the content of post 269.,1708657146
270,51,Post 270,This is the content of post 270.,1704553204
271,82,Post 271,This is the content of post 271.,1707443438
272,27,Post 272,This is the content of post 272.,1705511872
273,16,Post 273,This is the content of post 273.,1705533762
274,75,Post 274,This is the content of post 274.,1708104281
275,29,Post 275,This is the content of post 275.,1707770945
276,76,Post 276,This is the content of post 276.,1707147246
277,51,Post 277,This is the content of post 277.,1707643701
278,69,Post 278,This is the content of post 278.,1704317868
279,50,Post 279,This is the content of post 279.,1705906620
280,65,Post 280,This is the content of post 280.,1709076447
281,16,Post 281,This is the content of post 281.,1704750512
282,35,Post 282,This is the content of post 282.,1706224183
283,47,Post 283,This is the content of post 283.,1705165210
284,37,Post 284,This is the content of post 284.,1705008732
285,12,Post 285,This is the content of post 285.,1705174246
286,26,Post 286,This is the content of post 286.,1709067287
287,73,Post 287,This is the content of post 287.,1708391647
288,22,Post 288,This is the content of post 288.,1704596600
289,2,Post 289,This is the content of post 289.,1705344210
290,96,Post 290,This is the content of post 290.,1705746897
291,89,Post 291,This is the content of post 291.,1708723959
292,90,Post 292,This is the content of post 292.,1705564814
293,20,Post 293,This is the content of post 293.,1707041503
294,73,Post 294,This is the content of post 294.,1708756600
295,57,Post 295,This is the content of post 295.,1704521147
296,41,Post 296,This is the content of post 296.,1704303929
297,88,Post 297,This is the content of post 297.,1705039447
298,38,Post 298,This is the content of post 298.,1705378164
299,21,Post 299,This is the content of post 299.,1706121877
300,8,Post 300,This is the content of post 300.,1707333918
